{"flutter":{"platforms":{"android":{"default":{"projectId":"balawi-6776e","appId":"1:572363417832:android:87d66837842d1b2bb0815d","fileOutput":"android/app/google-services.json"}},"ios":{"default":{"projectId":"balawi-6776e","appId":"1:572363417832:ios:9d6875267a6ea48cb0815d","uploadDebugSymbols":false,"fileOutput":"ios/Runner/GoogleService-Info.plist"}},"macos":{"default":{"projectId":"balawi-6776e","appId":"1:572363417832:ios:9d6875267a6ea48cb0815d","uploadDebugSymbols":false,"fileOutput":"macos/Runner/GoogleService-Info.plist"}},"dart":{"lib/firebase_options.dart":{"projectId":"balawi-6776e","configurations":{"android":"1:572363417832:android:87d66837842d1b2bb0815d","ios":"1:572363417832:ios:9d6875267a6ea48cb0815d","macos":"1:572363417832:ios:9d6875267a6ea48cb0815d","web":"1:572363417832:web:4ac1ad112bf2f253b0815d","windows":"1:572363417832:web:d6842a07bc068560b0815d"}}}}}}