{
  "project_info": {
    "project_number": "572363417832",
    "project_id": "balawi-6776e",
    "storage_bucket": "balawi-6776e.appspot.com"
  },
  "client": [
    {
      "client_info": {
        "mobilesdk_app_id": "1:572363417832:android:87d66837842d1b2bb0815d",
        "android_client_info": {
          "package_name": "com.example.barqucde"
        }
      },
      "oauth_client": [],
      "api_key": [
        {
          "current_key": "AIzaSyD9P9x-rDWGJ7zfz4yORaX0cDax8L4-KzQ"
        }
      ],
      "services": {
        "appinvite_service": {
          "other_platform_oauth_client": []
        }
      }
    },
    {
      "client_info": {
        "mobilesdk_app_id": "1:572363417832:android:81fae9c9528e810bb0815d",
        "android_client_info": {
          "package_name": "com.example.untitled2"
        }
      },
      "oauth_client": [],
      "api_key": [
        {
          "current_key": "AIzaSyD9P9x-rDWGJ7zfz4yORaX0cDax8L4-KzQ"
        }
      ],
      "services": {
        "appinvite_service": {
          "other_platform_oauth_client": []
        }
      }
    }
  ],
  "configuration_version": "1"
}